mean_fit_time,std_fit_time,mean_score_time,std_score_time,param_nn_model__batch_size,param_nn_model__dropout,param_nn_model__epochs,param_nn_model__input_dim,param_nn_model__learning_rate,param_nn_model__nodes_per_layer,param_nn_model__optimizer,params,split0_test_percentile99,split1_test_percentile99,mean_test_percentile99,std_test_percentile99,rank_test_percentile99,split0_test_MAPE,split1_test_MAPE,mean_test_MAPE,std_test_MAPE,rank_test_MAPE
112.38828015327454,0.2287740707397461,5.070987343788147,0.11338770389556885,64,0.1,100,22,0.001,"(10, 5)",adam,"{'nn_model__batch_size': 64, 'nn_model__dropout': 0.1, 'nn_model__epochs': 100, 'nn_model__input_dim': 22, 'nn_model__learning_rate': 0.001, 'nn_model__nodes_per_layer': (10, 5), 'nn_model__optimizer': 'adam'}",-98.78368594665822,-102.06267616271971,-100.42318105468897,1.6394951080307436,56,-39.88614154881938,-34.80479049682617,-37.34546602282278,2.5406755259966047,23
131.59545183181763,0.35829925537109375,4.857151031494141,0.041483163833618164,64,0.1,100,22,0.001,"(10, 10, 5)",adam,"{'nn_model__batch_size': 64, 'nn_model__dropout': 0.1, 'nn_model__epochs': 100, 'nn_model__input_dim': 22, 'nn_model__learning_rate': 0.001, 'nn_model__nodes_per_layer': (10, 10, 5), 'nn_model__optimizer': 'adam'}",-98.19742489853027,-121.11130485534656,-109.65436487693842,11.456939978408144,76,-36.62994440267417,-37.93608474731445,-37.28301457499431,0.6530701723201418,22
110.04339003562927,1.55525541305542,5.022764325141907,0.050258755683898926,64,0.1,100,22,0.005,"(10, 5)",adam,"{'nn_model__batch_size': 64, 'nn_model__dropout': 0.1, 'nn_model__epochs': 100, 'nn_model__input_dim': 22, 'nn_model__learning_rate': 0.005, 'nn_model__nodes_per_layer': (10, 5), 'nn_model__optimizer': 'adam'}",-191.87100931586514,-99.69737113952637,-145.78419022769575,46.086819088169385,105,-56.30983221785052,-44.402076721191406,-50.35595446952097,5.953877748329557,90
123.681800365448,0.3876051902770996,4.946277618408203,0.04792904853820801,64,0.1,100,22,0.005,"(10, 10, 5)",adam,"{'nn_model__batch_size': 64, 'nn_model__dropout': 0.1, 'nn_model__epochs': 100, 'nn_model__input_dim': 22, 'nn_model__learning_rate': 0.005, 'nn_model__nodes_per_layer': (10, 10, 5), 'nn_model__optimizer': 'adam'}",-99.99794671957999,-99.99793647766114,-99.99794159862057,5.120959421844873e-06,50,-86.55371816435556,-88.1852035522461,-87.36946085830083,0.8157426939452677,124
112.80382013320923,3.03200626373291,4.862220406532288,0.004645705223083496,64,0.1,100,22,0.01,"(10, 5)",adam,"{'nn_model__batch_size': 64, 'nn_model__dropout': 0.1, 'nn_model__epochs': 100, 'nn_model__input_dim': 22, 'nn_model__learning_rate': 0.01, 'nn_model__nodes_per_layer': (10, 5), 'nn_model__optimizer': 'adam'}",-99.75712936981188,-99.97705841064453,-99.8670938902282,0.10996452041632665,48,-50.4835316005397,-51.354793548583984,-50.91916257456184,0.4356309740221427,92
131.96828520298004,2.6320892572402954,5.021973609924316,0.071441650390625,64,0.1,100,22,0.01,"(10, 10, 5)",adam,"{'nn_model__batch_size': 64, 'nn_model__dropout': 0.1, 'nn_model__epochs': 100, 'nn_model__input_dim': 22, 'nn_model__learning_rate': 0.01, 'nn_model__nodes_per_layer': (10, 10, 5), 'nn_model__optimizer': 'adam'}",-99.99943402579797,-99.99792121887207,-99.99867762233501,0.0007564034629510274,52,-96.65207986671577,-86.676513671875,-91.66429676929539,4.987783097420383,133
220.10885405540466,0.6164407730102539,5.3263853788375854,0.4044593572616577,64,0.1,200,22,0.001,"(10, 5)",adam,"{'nn_model__batch_size': 64, 'nn_model__dropout': 0.1, 'nn_model__epochs': 200, 'nn_model__input_dim': 22, 'nn_model__learning_rate': 0.001, 'nn_model__nodes_per_layer': (10, 5), 'nn_model__optimizer': 'adam'}",-98.12721577670825,-97.17026100158691,-97.64873838914758,0.47847738756067315,4,-36.16774584974065,-34.90092086791992,-35.53433335883028,0.6334124909103629,11
248.42915189266205,2.325419068336487,5.066202282905579,0.011773943901062012,64,0.1,200,22,0.001,"(10, 10, 5)",adam,"{'nn_model__batch_size': 64, 'nn_model__dropout': 0.1, 'nn_model__epochs': 200, 'nn_model__input_dim': 22, 'nn_model__learning_rate': 0.001, 'nn_model__nodes_per_layer': (10, 10, 5), 'nn_model__optimizer': 'adam'}",-128.4726525097012,-154.19356719970696,-141.33310985470408,12.860457345002885,100,-40.28062768964693,-38.256309509277344,-39.26846859946214,1.0121590901847917,39
218.37566602230072,0.6798361539840698,5.442910552024841,0.5717509984970093,64,0.1,200,22,0.005,"(10, 5)",adam,"{'nn_model__batch_size': 64, 'nn_model__dropout': 0.1, 'nn_model__epochs': 200, 'nn_model__input_dim': 22, 'nn_model__learning_rate': 0.005, 'nn_model__nodes_per_layer': (10, 5), 'nn_model__optimizer': 'adam'}",-98.80622670004641,-99.08864074707031,-98.94743372355836,0.1412070235119529,25,-35.985369843982674,-41.996273040771484,-38.99082144237708,3.005451598394405,38
246.86604368686676,2.7975414991378784,5.197751045227051,0.029633283615112305,64,0.1,200,22,0.005,"(10, 10, 5)",adam,"{'nn_model__batch_size': 64, 'nn_model__dropout': 0.1, 'nn_model__epochs': 200, 'nn_model__input_dim': 22, 'nn_model__learning_rate': 0.005, 'nn_model__nodes_per_layer': (10, 10, 5), 'nn_model__optimizer': 'adam'}",-99.99750457538747,-115.67644943237286,-107.83697700388016,7.839472428492698,72,-86.81315027981874,-37.18510818481445,-61.9991292323166,24.814021047502145,106
218.721653342247,3.2805312871932983,5.05687415599823,0.031812310218811035,64,0.1,200,22,0.01,"(10, 5)",adam,"{'nn_model__batch_size': 64, 'nn_model__dropout': 0.1, 'nn_model__epochs': 200, 'nn_model__input_dim': 22, 'nn_model__learning_rate': 0.01, 'nn_model__nodes_per_layer': (10, 5), 'nn_model__optimizer': 'adam'}",-381.82170375506996,-339.42776580810533,-360.6247347815877,21.196968973482313,143,-56.74908645254758,-58.94182205200195,-57.84545425227476,1.0963677997271866,103
248.78623378276825,0.291218638420105,4.917532801628113,0.11021435260772705,64,0.1,200,22,0.01,"(10, 10, 5)",adam,"{'nn_model__batch_size': 64, 'nn_model__dropout': 0.1, 'nn_model__epochs': 200, 'nn_model__input_dim': 22, 'nn_model__learning_rate': 0.01, 'nn_model__nodes_per_layer': (10, 10, 5), 'nn_model__optimizer': 'adam'}",-205.29989445674144,-202.27269882202143,-203.78629663938142,1.513597817360008,133,-111.83494266110439,-90.35533142089844,-101.09513704100141,10.739805620102977,140
332.121608376503,5.467958331108093,4.9625004529953,0.12501347064971924,64,0.1,300,22,0.001,"(10, 5)",adam,"{'nn_model__batch_size': 64, 'nn_model__dropout': 0.1, 'nn_model__epochs': 300, 'nn_model__input_dim': 22, 'nn_model__learning_rate': 0.001, 'nn_model__nodes_per_layer': (10, 5), 'nn_model__optimizer': 'adam'}",-99.74686853738862,-151.95709609985326,-125.85198231862094,26.10511378123232,92,-38.09758587870717,-37.61033248901367,-37.853959183860425,0.24362669484674981,32
376.2535676956177,3.2236077785491943,4.956703066825867,0.0021969079971313477,64,0.1,300,22,0.001,"(10, 10, 5)",adam,"{'nn_model__batch_size': 64, 'nn_model__dropout': 0.1, 'nn_model__epochs': 300, 'nn_model__input_dim': 22, 'nn_model__learning_rate': 0.001, 'nn_model__nodes_per_layer': (10, 10, 5), 'nn_model__optimizer': 'adam'}",-97.04082861935213,-97.76698097229004,-97.40390479582109,0.36307617646895807,2,-32.68547964665722,-35.907379150390625,-34.29642939852393,1.610949751866702,7
328.28370237350464,2.7811667919158936,4.881314039230347,0.012890100479125977,64,0.1,300,22,0.005,"(10, 5)",adam,"{'nn_model__batch_size': 64, 'nn_model__dropout': 0.1, 'nn_model__epochs': 300, 'nn_model__input_dim': 22, 'nn_model__learning_rate': 0.005, 'nn_model__nodes_per_layer': (10, 5), 'nn_model__optimizer': 'adam'}",-151.02371382572176,-209.78249755859372,-180.40310569215774,29.37939186643598,123,-43.33946787885363,-40.783485412597656,-42.06147664572565,1.2779912331279881,54
369.51597237586975,0.5909087657928467,5.0717374086380005,0.026470065116882324,64,0.1,300,22,0.005,"(10, 10, 5)",adam,"{'nn_model__batch_size': 64, 'nn_model__dropout': 0.1, 'nn_model__epochs': 300, 'nn_model__input_dim': 22, 'nn_model__learning_rate': 0.005, 'nn_model__nodes_per_layer': (10, 10, 5), 'nn_model__optimizer': 'adam'}",-209.31886090595137,-97.82396392822267,-153.571412417087,55.74744848886435,110,-90.51623973784291,-41.54299545288086,-66.02961759536188,24.486622142481025,110
330.4118354320526,2.254655599594116,5.049039721488953,0.10926997661590576,64,0.1,300,22,0.01,"(10, 5)",adam,"{'nn_model__batch_size': 64, 'nn_model__dropout': 0.1, 'nn_model__epochs': 300, 'nn_model__input_dim': 22, 'nn_model__learning_rate': 0.01, 'nn_model__nodes_per_layer': (10, 5), 'nn_model__optimizer': 'adam'}",-237.45780149346444,-112.86592506408658,-175.1618632787755,62.29593821468893,122,-42.33493498454659,-33.02469253540039,-37.67981375997349,4.655121224573101,29
372.33782160282135,1.533713936805725,5.13552188873291,0.04308438301086426,64,0.1,300,22,0.01,"(10, 10, 5)",adam,"{'nn_model__batch_size': 64, 'nn_model__dropout': 0.1, 'nn_model__epochs': 300, 'nn_model__input_dim': 22, 'nn_model__learning_rate': 0.01, 'nn_model__nodes_per_layer': (10, 10, 5), 'nn_model__optimizer': 'adam'}",-99.99954177134836,-197.6695901489257,-148.834565960137,48.835024188788665,107,-97.28907803754467,-90.13050842285156,-93.70979323019812,3.5792848073465535,135
110.6527853012085,0.31186509132385254,5.0739500522613525,0.012218713760375977,64,0.2,100,22,0.001,"(10, 5)",adam,"{'nn_model__batch_size': 64, 'nn_model__dropout': 0.2, 'nn_model__epochs': 100, 'nn_model__input_dim': 22, 'nn_model__learning_rate': 0.001, 'nn_model__nodes_per_layer': (10, 5), 'nn_model__optimizer': 'adam'}",-97.50635488498853,-98.88391006469723,-98.19513247484288,0.6887775898543538,14,-45.54227042096004,-37.623268127441406,-41.58276927420072,3.9595011467593153,51
125.5490882396698,1.0311148166656494,4.933063983917236,0.04751753807067871,64,0.2,100,22,0.001,"(10, 10, 5)",adam,"{'nn_model__batch_size': 64, 'nn_model__dropout': 0.2, 'nn_model__epochs': 100, 'nn_model__input_dim': 22, 'nn_model__learning_rate': 0.001, 'nn_model__nodes_per_layer': (10, 10, 5), 'nn_model__optimizer': 'adam'}",-101.1920138081195,-98.109757232666,-99.65088552039275,1.5411282877267496,44,-42.35261444445485,-38.79212951660156,-40.5723719805282,1.780242463926644,49
113.12106001377106,1.6222091913223267,5.062264323234558,0.02631199359893799,64,0.2,100,22,0.005,"(10, 5)",adam,"{'nn_model__batch_size': 64, 'nn_model__dropout': 0.2, 'nn_model__epochs': 100, 'nn_model__input_dim': 22, 'nn_model__learning_rate': 0.005, 'nn_model__nodes_per_layer': (10, 5), 'nn_model__optimizer': 'adam'}",-108.36390007495781,-264.55965393066384,-186.46177700281083,78.09787692785301,125,-37.15331737099158,-52.28582763671875,-44.71957250385516,7.566255132863585,78
124.24990260601044,2.431053042411804,5.722639560699463,0.5302422046661377,64,0.2,100,22,0.005,"(10, 10, 5)",adam,"{'nn_model__batch_size': 64, 'nn_model__dropout': 0.2, 'nn_model__epochs': 100, 'nn_model__input_dim': 22, 'nn_model__learning_rate': 0.005, 'nn_model__nodes_per_layer': (10, 10, 5), 'nn_model__optimizer': 'adam'}",-284.49597340944547,-109.9803598022458,-197.23816660584563,87.25780680359983,129,-59.19703152875116,-44.608829498291016,-51.902930513521085,7.294101015230073,94
111.01347577571869,0.5425673723220825,5.417718529701233,0.4824565649032593,64,0.2,100,22,0.01,"(10, 5)",adam,"{'nn_model__batch_size': 64, 'nn_model__dropout': 0.2, 'nn_model__epochs': 100, 'nn_model__input_dim': 22, 'nn_model__learning_rate': 0.01, 'nn_model__nodes_per_layer': (10, 5), 'nn_model__optimizer': 'adam'}",-107.30661798957667,-213.45178924560545,-160.37920361759106,53.072585628014394,114,-52.50337930137894,-46.07160186767578,-49.28749058452736,3.2158887168515804,89
128.77317798137665,3.1218162775039673,5.148364305496216,0.20855355262756348,64,0.2,100,22,0.01,"(10, 10, 5)",adam,"{'nn_model__batch_size': 64, 'nn_model__dropout': 0.2, 'nn_model__epochs': 100, 'nn_model__input_dim': 22, 'nn_model__learning_rate': 0.01, 'nn_model__nodes_per_layer': (10, 10, 5), 'nn_model__optimizer': 'adam'}",-139.76620102419446,-426.53670166015615,-283.1514513421753,143.38525031798085,139,-87.71316192269781,-105.6402816772461,-96.67672179997194,8.963559877274143,138
220.9048309326172,1.110670804977417,5.0158244371414185,0.022861123085021973,64,0.2,200,22,0.001,"(10, 5)",adam,"{'nn_model__batch_size': 64, 'nn_model__dropout': 0.2, 'nn_model__epochs': 200, 'nn_model__input_dim': 22, 'nn_model__learning_rate': 0.001, 'nn_model__nodes_per_layer': (10, 5), 'nn_model__optimizer': 'adam'}",-99.6286437861311,-99.82556495666503,-99.72710437139807,0.09846058526697021,46,-39.421792301055056,-39.386940002441406,-39.404366151748235,0.017426149306825067,40
253.59644639492035,3.945459246635437,5.062418341636658,0.03213536739349365,64,0.2,200,22,0.001,"(10, 10, 5)",adam,"{'nn_model__batch_size': 64, 'nn_model__dropout': 0.2, 'nn_model__epochs': 200, 'nn_model__input_dim': 22, 'nn_model__learning_rate': 0.001, 'nn_model__nodes_per_layer': (10, 10, 5), 'nn_model__optimizer': 'adam'}",-98.20289175607087,-112.50434799194265,-105.35361987400677,7.150728117935891,67,-42.64836475319892,-41.74867248535156,-42.19851861927524,0.44984613392367834,56
224.8401130437851,2.828203797340393,5.144354343414307,0.142775297164917,64,0.2,200,22,0.005,"(10, 5)",adam,"{'nn_model__batch_size': 64, 'nn_model__dropout': 0.2, 'nn_model__epochs': 200, 'nn_model__input_dim': 22, 'nn_model__learning_rate': 0.005, 'nn_model__nodes_per_layer': (10, 5), 'nn_model__optimizer': 'adam'}",-98.67520137695323,-99.02152938842772,-98.84836538269047,0.17316400573724877,20,-45.59267847134182,-38.88022994995117,-42.2364542106465,3.356224260695324,57
256.48510134220123,7.519579529762268,5.119000792503357,0.11657440662384033,64,0.2,200,22,0.005,"(10, 10, 5)",adam,"{'nn_model__batch_size': 64, 'nn_model__dropout': 0.2, 'nn_model__epochs': 200, 'nn_model__input_dim': 22, 'nn_model__learning_rate': 0.005, 'nn_model__nodes_per_layer': (10, 10, 5), 'nn_model__optimizer': 'adam'}",-99.94765508571895,-98.88573593139645,-99.4166955085577,0.5309595771612479,38,-49.600168458326436,-53.53739547729492,-51.56878196781068,1.9686135094842427,93
225.04553627967834,0.539222002029419,4.992549538612366,0.06270158290863037,64,0.2,200,22,0.01,"(10, 5)",adam,"{'nn_model__batch_size': 64, 'nn_model__dropout': 0.2, 'nn_model__epochs': 200, 'nn_model__input_dim': 22, 'nn_model__learning_rate': 0.01, 'nn_model__nodes_per_layer': (10, 5), 'nn_model__optimizer': 'adam'}",-132.94127189456225,-99.99971771240234,-116.4704948034823,16.470777091079952,85,-48.39143764935173,-98.30831146240234,-73.34987455587704,24.958436906525307,120
258.8509658575058,6.756926417350769,5.146545052528381,0.023723244667053223,64,0.2,200,22,0.01,"(10, 10, 5)",adam,"{'nn_model__batch_size': 64, 'nn_model__dropout': 0.2, 'nn_model__epochs': 200, 'nn_model__input_dim': 22, 'nn_model__learning_rate': 0.01, 'nn_model__nodes_per_layer': (10, 10, 5), 'nn_model__optimizer': 'adam'}",-106.9405478738166,-99.99820709228516,-103.46937748305088,3.471170390765721,63,-100.78006712681953,-89.51126098632812,-95.14566405657382,5.634403070245703,136
338.34049689769745,5.511165976524353,5.10377824306488,0.015440106391906738,64,0.2,300,22,0.001,"(10, 5)",adam,"{'nn_model__batch_size': 64, 'nn_model__dropout': 0.2, 'nn_model__epochs': 300, 'nn_model__input_dim': 22, 'nn_model__learning_rate': 0.001, 'nn_model__nodes_per_layer': (10, 5), 'nn_model__optimizer': 'adam'}",-98.19692124204988,-99.66966567993164,-98.93329346099077,0.736372218940879,24,-40.50207247116723,-41.12736892700195,-40.81472069908459,0.3126482279173608,50
371.6517425775528,1.5374418497085571,5.618935823440552,0.45218348503112793,64,0.2,300,22,0.001,"(10, 10, 5)",adam,"{'nn_model__batch_size': 64, 'nn_model__dropout': 0.2, 'nn_model__epochs': 300, 'nn_model__input_dim': 22, 'nn_model__learning_rate': 0.001, 'nn_model__nodes_per_layer': (10, 10, 5), 'nn_model__optimizer': 'adam'}",-122.89514943358606,-98.586396484375,-110.74077295898053,12.154376474605527,78,-44.65148790700945,-41.60219192504883,-43.12683991602914,1.5246479909803092,64
332.9028923511505,0.5953488349914551,5.4947508573532104,0.5504547357559204,64,0.2,300,22,0.005,"(10, 5)",adam,"{'nn_model__batch_size': 64, 'nn_model__dropout': 0.2, 'nn_model__epochs': 300, 'nn_model__input_dim': 22, 'nn_model__learning_rate': 0.005, 'nn_model__nodes_per_layer': (10, 5), 'nn_model__optimizer': 'adam'}",-98.61892833911618,-168.4437655639648,-133.53134695154048,34.91241861242431,97,-42.23887452874401,-44.56867218017578,-43.4037733544599,1.164898825715884,67
395.35708928108215,7.205815553665161,5.703073024749756,0.2624030113220215,64,0.2,300,22,0.005,"(10, 10, 5)",adam,"{'nn_model__batch_size': 64, 'nn_model__dropout': 0.2, 'nn_model__epochs': 300, 'nn_model__input_dim': 22, 'nn_model__learning_rate': 0.005, 'nn_model__nodes_per_layer': (10, 10, 5), 'nn_model__optimizer': 'adam'}",-99.9978349667432,-151.94365859985345,-125.97074678329832,25.972911816555126,93,-88.03544939004819,-88.24930572509766,-88.14237755757293,0.10692816752473533,126
336.61232221126556,2.316888928413391,5.1549941301345825,0.04819595813751221,64,0.2,300,22,0.01,"(10, 5)",adam,"{'nn_model__batch_size': 64, 'nn_model__dropout': 0.2, 'nn_model__epochs': 300, 'nn_model__input_dim': 22, 'nn_model__learning_rate': 0.01, 'nn_model__nodes_per_layer': (10, 5), 'nn_model__optimizer': 'adam'}",-99.3112866002025,-99.99788665771484,-99.65458662895867,0.3433000287561754,45,-47.44803171010239,-86.56961822509766,-67.00882496760002,19.560793257497632,111
382.55333375930786,6.659400463104248,5.2825000286102295,0.16684675216674805,64,0.2,300,22,0.01,"(10, 10, 5)",adam,"{'nn_model__batch_size': 64, 'nn_model__dropout': 0.2, 'nn_model__epochs': 300, 'nn_model__input_dim': 22, 'nn_model__learning_rate': 0.01, 'nn_model__nodes_per_layer': (10, 10, 5), 'nn_model__optimizer': 'adam'}",-99.99789812275071,-99.9990005493164,-99.99844933603356,0.0005512132828471294,51,-86.50293747520357,-94.01937866210938,-90.26115806865647,3.7582205934529043,132
59.13320350646973,0.10627627372741699,4.839832186698914,0.10323059558868408,128,0.1,100,22,0.001,"(10, 5)",adam,"{'nn_model__batch_size': 128, 'nn_model__dropout': 0.1, 'nn_model__epochs': 100, 'nn_model__input_dim': 22, 'nn_model__learning_rate': 0.001, 'nn_model__nodes_per_layer': (10, 5), 'nn_model__optimizer': 'adam'}",-123.78748683479492,-99.07369018554687,-111.43058851017089,12.356898324624026,79,-79.56884497944918,-33.4091682434082,-56.48900661142869,23.07983836802049,100
68.5039769411087,0.42884695529937744,4.80099892616272,0.039873600006103516,128,0.1,100,22,0.001,"(10, 10, 5)",adam,"{'nn_model__batch_size': 128, 'nn_model__dropout': 0.1, 'nn_model__epochs': 100, 'nn_model__input_dim': 22, 'nn_model__learning_rate': 0.001, 'nn_model__nodes_per_layer': (10, 10, 5), 'nn_model__optimizer': 'adam'}",-98.44505972949617,-97.7392293548584,-98.09214454217728,0.35291518731888516,10,-37.824489298680255,-34.41374588012695,-36.1191175894036,1.7053717092766512,16
59.60957634449005,0.07055270671844482,4.835894823074341,0.11661338806152344,128,0.1,100,22,0.005,"(10, 5)",adam,"{'nn_model__batch_size': 128, 'nn_model__dropout': 0.1, 'nn_model__epochs': 100, 'nn_model__input_dim': 22, 'nn_model__learning_rate': 0.005, 'nn_model__nodes_per_layer': (10, 5), 'nn_model__optimizer': 'adam'}",-97.57933420138221,-99.0260629272461,-98.30269856431416,0.723364362931946,15,-36.27447263096483,-40.34189987182617,-38.3081862513955,2.033713620430671,35
68.05462265014648,2.0014524459838867,4.753042221069336,0.004904508590698242,128,0.1,100,22,0.005,"(10, 10, 5)",adam,"{'nn_model__batch_size': 128, 'nn_model__dropout': 0.1, 'nn_model__epochs': 100, 'nn_model__input_dim': 22, 'nn_model__learning_rate': 0.005, 'nn_model__nodes_per_layer': (10, 10, 5), 'nn_model__optimizer': 'adam'}",-98.34271000348949,-99.99805091857911,-99.1703804610343,0.8276704575448122,30,-47.42119387892552,-86.7468490600586,-67.08402146949206,19.662827590566536,112
60.01056778430939,0.17976820468902588,4.883046984672546,0.016524195671081543,128,0.1,100,22,0.01,"(10, 5)",adam,"{'nn_model__batch_size': 128, 'nn_model__dropout': 0.1, 'nn_model__epochs': 100, 'nn_model__input_dim': 22, 'nn_model__learning_rate': 0.01, 'nn_model__nodes_per_layer': (10, 5), 'nn_model__optimizer': 'adam'}",-112.97730777867096,-189.5250042724607,-151.25115602556582,38.27384824689487,108,-33.534016963319516,-41.403289794921875,-37.468653379120695,3.9346364158011795,26
68.33596289157867,0.555047869682312,4.906413316726685,0.04902005195617676,128,0.1,100,22,0.01,"(10, 10, 5)",adam,"{'nn_model__batch_size': 128, 'nn_model__dropout': 0.1, 'nn_model__epochs': 100, 'nn_model__input_dim': 22, 'nn_model__learning_rate': 0.01, 'nn_model__nodes_per_layer': (10, 10, 5), 'nn_model__optimizer': 'adam'}",-105.22632962006458,-206.3300122070312,-155.77817091354788,50.55184129348331,112,-86.8216655292009,-90.55796813964844,-88.68981683442468,1.868151305223769,128
119.59846067428589,0.18126893043518066,4.874489784240723,0.07653164863586426,128,0.1,200,22,0.001,"(10, 5)",adam,"{'nn_model__batch_size': 128, 'nn_model__dropout': 0.1, 'nn_model__epochs': 200, 'nn_model__input_dim': 22, 'nn_model__learning_rate': 0.001, 'nn_model__nodes_per_layer': (10, 5), 'nn_model__optimizer': 'adam'}",-98.34934472297705,-99.59673027038573,-98.9730374966814,0.6236927737043416,26,-36.381406689137165,-35.15053176879883,-35.765969228968,0.6154374601691686,12
132.69623911380768,0.12249243259429932,4.807360529899597,0.01270759105682373,128,0.1,200,22,0.001,"(10, 10, 5)",adam,"{'nn_model__batch_size': 128, 'nn_model__dropout': 0.1, 'nn_model__epochs': 200, 'nn_model__input_dim': 22, 'nn_model__learning_rate': 0.001, 'nn_model__nodes_per_layer': (10, 10, 5), 'nn_model__optimizer': 'adam'}",-98.88707829693465,-99.53320327758782,-99.21014078726122,0.32306249032658485,32,-33.36173370579917,-34.638397216796875,-34.00006546129802,0.6383317554988537,5
117.79605221748352,1.956226110458374,4.867246747016907,0.027530789375305176,128,0.1,200,22,0.005,"(10, 5)",adam,"{'nn_model__batch_size': 128, 'nn_model__dropout': 0.1, 'nn_model__epochs': 200, 'nn_model__input_dim': 22, 'nn_model__learning_rate': 0.005, 'nn_model__nodes_per_layer': (10, 5), 'nn_model__optimizer': 'adam'}",-99.12756822271123,-113.83309318542476,-106.480330704068,7.352762481356763,70,-31.916237649385923,-51.64336395263672,-41.77980080101132,9.863563151625398,53
132.30481207370758,1.6269129514694214,4.925826191902161,0.02014791965484619,128,0.1,200,22,0.005,"(10, 10, 5)",adam,"{'nn_model__batch_size': 128, 'nn_model__dropout': 0.1, 'nn_model__epochs': 200, 'nn_model__input_dim': 22, 'nn_model__learning_rate': 0.005, 'nn_model__nodes_per_layer': (10, 10, 5), 'nn_model__optimizer': 'adam'}",-98.08441523635392,-284.48995208740234,-191.28718366187815,93.20276842552421,127,-39.10467808326629,-46.482303619384766,-42.79349085132553,3.688812768059236,60
119.35001647472382,0.25027143955230713,4.738671660423279,0.06654775142669678,128,0.1,200,22,0.01,"(10, 5)",adam,"{'nn_model__batch_size': 128, 'nn_model__dropout': 0.1, 'nn_model__epochs': 200, 'nn_model__input_dim': 22, 'nn_model__learning_rate': 0.01, 'nn_model__nodes_per_layer': (10, 5), 'nn_model__optimizer': 'adam'}",-99.05757997203986,-99.86095848083497,-99.45926922643741,0.401689254397553,39,-46.43807474002169,-41.031864166259766,-43.73496945314073,2.7031052868809624,69
131.6572971343994,0.797447681427002,5.435708999633789,0.4980180263519287,128,0.1,200,22,0.01,"(10, 10, 5)",adam,"{'nn_model__batch_size': 128, 'nn_model__dropout': 0.1, 'nn_model__epochs': 200, 'nn_model__input_dim': 22, 'nn_model__learning_rate': 0.01, 'nn_model__nodes_per_layer': (10, 10, 5), 'nn_model__optimizer': 'adam'}",-366.6986305465788,-225.56751754760734,-296.13307404709303,70.56555649948572,141,-100.54534605355197,-91.56631469726562,-96.05583037540879,4.489515678143171,137
177.2423710823059,0.3344390392303467,4.974892616271973,0.1404128074645996,128,0.1,300,22,0.001,"(10, 5)",adam,"{'nn_model__batch_size': 128, 'nn_model__dropout': 0.1, 'nn_model__epochs': 300, 'nn_model__input_dim': 22, 'nn_model__learning_rate': 0.001, 'nn_model__nodes_per_layer': (10, 5), 'nn_model__optimizer': 'adam'}",-96.99539664963359,-97.29632507324217,-97.14586086143788,0.15046421180429093,1,-33.890310385603435,-31.932836532592773,-32.91157345909811,0.9787369265053307,2
203.56206047534943,3.2326523065567017,4.927599668502808,0.06968855857849121,128,0.1,300,22,0.001,"(10, 10, 5)",adam,"{'nn_model__batch_size': 128, 'nn_model__dropout': 0.1, 'nn_model__epochs': 300, 'nn_model__input_dim': 22, 'nn_model__learning_rate': 0.001, 'nn_model__nodes_per_layer': (10, 10, 5), 'nn_model__optimizer': 'adam'}",-125.15091101915802,-113.93942115783634,-119.54516608849718,5.6057449306608405,89,-37.39801390575526,-37.38481903076172,-37.39141646825849,0.006597437496772329,24
175.68672835826874,1.102622628211975,4.976131319999695,0.012311577796936035,128,0.1,300,22,0.005,"(10, 5)",adam,"{'nn_model__batch_size': 128, 'nn_model__dropout': 0.1, 'nn_model__epochs': 300, 'nn_model__input_dim': 22, 'nn_model__learning_rate': 0.005, 'nn_model__nodes_per_layer': (10, 5), 'nn_model__optimizer': 'adam'}",-168.10493537812582,-99.3549729156494,-133.72995414688762,34.37498123123821,98,-35.943163189676305,-33.41753005981445,-34.68034662474538,1.262816564930926,8
198.67551612854004,0.1190800666809082,4.978970050811768,0.12492537498474121,128,0.1,300,22,0.005,"(10, 10, 5)",adam,"{'nn_model__batch_size': 128, 'nn_model__dropout': 0.1, 'nn_model__epochs': 300, 'nn_model__input_dim': 22, 'nn_model__learning_rate': 0.005, 'nn_model__nodes_per_layer': (10, 10, 5), 'nn_model__optimizer': 'adam'}",-201.1331992619016,-128.5088548278808,-164.8210270448912,36.3121722170104,115,-90.11415572243038,-87.525390625,-88.81977317371519,1.2943825487151912,129
178.0533332824707,3.8248379230499268,5.012062907218933,0.1389857530593872,128,0.1,300,22,0.01,"(10, 5)",adam,"{'nn_model__batch_size': 128, 'nn_model__dropout': 0.1, 'nn_model__epochs': 300, 'nn_model__input_dim': 22, 'nn_model__learning_rate': 0.01, 'nn_model__nodes_per_layer': (10, 5), 'nn_model__optimizer': 'adam'}",-468.4149438902946,-101.14861381530761,-284.7817788528011,183.63316503749348,140,-67.3954168481192,-47.063636779785156,-57.22952681395218,10.16589003416702,102
206.82006013393402,3.895947575569153,4.822471022605896,0.10850965976715088,128,0.1,300,22,0.01,"(10, 10, 5)",adam,"{'nn_model__batch_size': 128, 'nn_model__dropout': 0.1, 'nn_model__epochs': 300, 'nn_model__input_dim': 22, 'nn_model__learning_rate': 0.01, 'nn_model__nodes_per_layer': (10, 10, 5), 'nn_model__optimizer': 'adam'}",-171.12934760045619,-118.7539830780029,-144.94166533922953,26.18768226122664,104,-88.79443099373681,-54.56124496459961,-71.6778379791682,17.1165930145686,117
61.117631673812866,1.4431321620941162,5.161669731140137,0.3710615634918213,128,0.2,100,22,0.001,"(10, 5)",adam,"{'nn_model__batch_size': 128, 'nn_model__dropout': 0.2, 'nn_model__epochs': 100, 'nn_model__input_dim': 22, 'nn_model__learning_rate': 0.001, 'nn_model__nodes_per_layer': (10, 5), 'nn_model__optimizer': 'adam'}",-160.58474656179487,-99.4932356262207,-130.03899109400777,30.54575546778709,95,-46.13321245614005,-41.786128997802734,-43.959670726971396,2.173541729168658,71
67.16899633407593,1.2467703819274902,4.888250350952148,0.10947465896606445,128,0.2,100,22,0.001,"(10, 10, 5)",adam,"{'nn_model__batch_size': 128, 'nn_model__dropout': 0.2, 'nn_model__epochs': 100, 'nn_model__input_dim': 22, 'nn_model__learning_rate': 0.001, 'nn_model__nodes_per_layer': (10, 10, 5), 'nn_model__optimizer': 'adam'}",-98.4934024820983,-99.36780113220215,-98.93060180715023,0.43719932505192105,22,-42.67442912802761,-46.751670837402344,-44.71304998271498,2.038620854687366,77
60.310956954956055,0.07290506362915039,4.930512309074402,0.025266528129577637,128,0.2,100,22,0.005,"(10, 5)",adam,"{'nn_model__batch_size': 128, 'nn_model__dropout': 0.2, 'nn_model__epochs': 100, 'nn_model__input_dim': 22, 'nn_model__learning_rate': 0.005, 'nn_model__nodes_per_layer': (10, 5), 'nn_model__optimizer': 'adam'}",-216.08822182895332,-190.93192337036112,-203.51007259965724,12.578149229296102,132,-65.58885813863267,-44.572479248046875,-55.080668693339774,10.5081894452929,98
67.98810565471649,0.2703346014022827,4.866619229316711,0.09878575801849365,128,0.2,100,22,0.005,"(10, 10, 5)",adam,"{'nn_model__batch_size': 128, 'nn_model__dropout': 0.2, 'nn_model__epochs': 100, 'nn_model__input_dim': 22, 'nn_model__learning_rate': 0.005, 'nn_model__nodes_per_layer': (10, 10, 5), 'nn_model__optimizer': 'adam'}",-173.94353984583438,-112.74182250976557,-143.3426811778,30.600858668034405,103,-88.90572521805788,-51.67640686035156,-70.29106603920472,18.61465917885316,115
61.7409530878067,0.6110485792160034,4.842410445213318,0.09105169773101807,128,0.2,100,22,0.01,"(10, 5)",adam,"{'nn_model__batch_size': 128, 'nn_model__dropout': 0.2, 'nn_model__epochs': 100, 'nn_model__input_dim': 22, 'nn_model__learning_rate': 0.01, 'nn_model__nodes_per_layer': (10, 5), 'nn_model__optimizer': 'adam'}",-128.68226863211925,-99.98615669250489,-114.33421266231207,14.348055969807177,83,-46.601621957720326,-66.45559692382812,-56.528609440774225,9.9269874830539,101
68.57349598407745,0.9012800455093384,4.848990082740784,0.013048768043518066,128,0.2,100,22,0.01,"(10, 10, 5)",adam,"{'nn_model__batch_size': 128, 'nn_model__dropout': 0.2, 'nn_model__epochs': 100, 'nn_model__input_dim': 22, 'nn_model__learning_rate': 0.01, 'nn_model__nodes_per_layer': (10, 10, 5), 'nn_model__optimizer': 'adam'}",-249.35583614544646,-99.99823760986328,-174.67703687765487,74.67879926779159,120,-116.78651024297865,-89.64322662353516,-103.2148684332569,13.571641809721747,141
118.73086273670197,0.00259244441986084,5.310678720474243,0.5021755695343018,128,0.2,200,22,0.001,"(10, 5)",adam,"{'nn_model__batch_size': 128, 'nn_model__dropout': 0.2, 'nn_model__epochs': 200, 'nn_model__input_dim': 22, 'nn_model__learning_rate': 0.001, 'nn_model__nodes_per_layer': (10, 5), 'nn_model__optimizer': 'adam'}",-98.41581589107273,-101.80013137817362,-100.10797363462316,1.692157743550446,55,-42.78373341013594,-42.494075775146484,-42.63890459264121,0.14482881749472654,58
133.41545987129211,0.19126367568969727,4.9437806606292725,0.14325308799743652,128,0.2,200,22,0.001,"(10, 10, 5)",adam,"{'nn_model__batch_size': 128, 'nn_model__dropout': 0.2, 'nn_model__epochs': 200, 'nn_model__input_dim': 22, 'nn_model__learning_rate': 0.001, 'nn_model__nodes_per_layer': (10, 10, 5), 'nn_model__optimizer': 'adam'}",-98.26560286945347,-103.04975646972633,-100.6576796695899,2.3920768001364294,57,-39.96705966707688,-48.42466735839844,-44.19586351273766,4.228803845660778,74
119.80003786087036,0.9102330207824707,4.795626878738403,0.004450559616088867,128,0.2,200,22,0.005,"(10, 5)",adam,"{'nn_model__batch_size': 128, 'nn_model__dropout': 0.2, 'nn_model__epochs': 200, 'nn_model__input_dim': 22, 'nn_model__learning_rate': 0.005, 'nn_model__nodes_per_layer': (10, 5), 'nn_model__optimizer': 'adam'}",-98.8070543617788,-99.5073705291748,-99.1572124454768,0.3501580836980054,29,-46.198779339996726,-49.99869155883789,-48.098735449417305,1.8999561094205824,86
130.29357194900513,0.4093914031982422,4.998719930648804,0.013379573822021484,128,0.2,200,22,0.005,"(10, 10, 5)",adam,"{'nn_model__batch_size': 128, 'nn_model__dropout': 0.2, 'nn_model__epochs': 200, 'nn_model__input_dim': 22, 'nn_model__learning_rate': 0.005, 'nn_model__nodes_per_layer': (10, 10, 5), 'nn_model__optimizer': 'adam'}",-146.61024769181478,-97.79905502319335,-122.20465135750406,24.405596334310715,91,-49.050643963553895,-41.2895622253418,-45.170103094447846,3.8805408691060492,80
119.21430909633636,0.19682514667510986,4.902878761291504,0.1382894515991211,128,0.2,200,22,0.01,"(10, 5)",adam,"{'nn_model__batch_size': 128, 'nn_model__dropout': 0.2, 'nn_model__epochs': 200, 'nn_model__input_dim': 22, 'nn_model__learning_rate': 0.01, 'nn_model__nodes_per_layer': (10, 5), 'nn_model__optimizer': 'adam'}",-293.47579021963827,-107.62231170654289,-200.54905096309056,92.92673925654769,131,-62.893421067090046,-60.2979850769043,-61.59570307199717,1.2977179950928743,105
134.23202621936798,1.0866342782974243,4.903799533843994,0.16893553733825684,128,0.2,200,22,0.01,"(10, 10, 5)",adam,"{'nn_model__batch_size': 128, 'nn_model__dropout': 0.2, 'nn_model__epochs': 200, 'nn_model__input_dim': 22, 'nn_model__learning_rate': 0.01, 'nn_model__nodes_per_layer': (10, 10, 5), 'nn_model__optimizer': 'adam'}",-482.44674070839005,-153.15861694335936,-317.8026788258747,164.64406188251533,142,-109.57605881075051,-106.03755950927734,-107.80680916001393,1.7692496507365831,143
179.43463099002838,0.03020775318145752,4.889868974685669,0.06778621673583984,128,0.2,300,22,0.001,"(10, 5)",adam,"{'nn_model__batch_size': 128, 'nn_model__dropout': 0.2, 'nn_model__epochs': 300, 'nn_model__input_dim': 22, 'nn_model__learning_rate': 0.001, 'nn_model__nodes_per_layer': (10, 5), 'nn_model__optimizer': 'adam'}",-98.08017865727223,-99.70271484375,-98.89144675051111,0.8112680932388869,21,-44.060270813718766,-43.063514709472656,-43.561892761595715,0.49837805212305497,68
205.14978861808777,3.9586431980133057,4.911850214004517,0.17550992965698242,128,0.2,300,22,0.001,"(10, 10, 5)",adam,"{'nn_model__batch_size': 128, 'nn_model__dropout': 0.2, 'nn_model__epochs': 300, 'nn_model__input_dim': 22, 'nn_model__learning_rate': 0.001, 'nn_model__nodes_per_layer': (10, 10, 5), 'nn_model__optimizer': 'adam'}",-99.80366275693936,-102.33894340515133,-101.07130308104534,1.267640324105983,59,-46.529924665604135,-41.87810134887695,-44.20401300724055,2.325911658363591,75
177.52406418323517,0.7717057466506958,5.370929718017578,0.518294095993042,128,0.2,300,22,0.005,"(10, 5)",adam,"{'nn_model__batch_size': 128, 'nn_model__dropout': 0.2, 'nn_model__epochs': 300, 'nn_model__input_dim': 22, 'nn_model__learning_rate': 0.005, 'nn_model__nodes_per_layer': (10, 5), 'nn_model__optimizer': 'adam'}",-176.03076544240747,-198.0013342285153,-187.0160498354614,10.985284393053917,126,-42.809363833562436,-43.94235610961914,-43.375859971590785,0.5664961380283522,66
203.0428442955017,4.696642637252808,4.860050201416016,0.019232511520385742,128,0.2,300,22,0.005,"(10, 10, 5)",adam,"{'nn_model__batch_size': 128, 'nn_model__dropout': 0.2, 'nn_model__epochs': 300, 'nn_model__input_dim': 22, 'nn_model__learning_rate': 0.005, 'nn_model__nodes_per_layer': (10, 10, 5), 'nn_model__optimizer': 'adam'}",-200.06880384783238,-142.66093368530267,-171.36486876656753,28.70393508126486,117,-50.56768398473068,-87.94729614257812,-69.2574900636544,18.689806078923723,114
180.06284368038177,1.2462364435195923,4.885753035545349,0.07301580905914307,128,0.2,300,22,0.01,"(10, 5)",adam,"{'nn_model__batch_size': 128, 'nn_model__dropout': 0.2, 'nn_model__epochs': 300, 'nn_model__input_dim': 22, 'nn_model__learning_rate': 0.01, 'nn_model__nodes_per_layer': (10, 5), 'nn_model__optimizer': 'adam'}",-172.21709861767494,-267.797353515625,-220.00722606664996,47.79012744897503,134,-61.73349063457229,-49.02278518676758,-55.378137910669935,6.355352723902357,99
206.80955970287323,5.633078217506409,4.863313794136047,0.06718885898590088,128,0.2,300,22,0.01,"(10, 10, 5)",adam,"{'nn_model__batch_size': 128, 'nn_model__dropout': 0.2, 'nn_model__epochs': 300, 'nn_model__input_dim': 22, 'nn_model__learning_rate': 0.01, 'nn_model__nodes_per_layer': (10, 10, 5), 'nn_model__optimizer': 'adam'}",-291.33544293426803,-201.73391586303708,-246.53467939865254,44.800763535615474,137,-121.50471287598808,-111.55455780029297,-116.52963533814052,4.975077537847554,144
32.96007311344147,0.10328829288482666,4.815256357192993,0.11259341239929199,256,0.1,100,22,0.001,"(10, 5)",adam,"{'nn_model__batch_size': 256, 'nn_model__dropout': 0.1, 'nn_model__epochs': 100, 'nn_model__input_dim': 22, 'nn_model__learning_rate': 0.001, 'nn_model__nodes_per_layer': (10, 5), 'nn_model__optimizer': 'adam'}",-129.59459847094786,-99.64012191772457,-114.61736019433621,14.977238276611644,84,-42.68050633502392,-40.51383590698242,-41.59717112100317,1.0833352140207495,52
38.0276312828064,0.10861659049987793,4.73907995223999,0.08814144134521484,256,0.1,100,22,0.001,"(10, 10, 5)",adam,"{'nn_model__batch_size': 256, 'nn_model__dropout': 0.1, 'nn_model__epochs': 100, 'nn_model__input_dim': 22, 'nn_model__learning_rate': 0.001, 'nn_model__nodes_per_layer': (10, 10, 5), 'nn_model__optimizer': 'adam'}",-98.70583413186638,-99.65360832214355,-99.17972122700496,0.4738870951385863,31,-34.002493627929525,-32.75566482543945,-33.37907922668449,0.6234144012450358,3
33.20820426940918,0.13408708572387695,4.652613401412964,0.1167593002319336,256,0.1,100,22,0.005,"(10, 5)",adam,"{'nn_model__batch_size': 256, 'nn_model__dropout': 0.1, 'nn_model__epochs': 100, 'nn_model__input_dim': 22, 'nn_model__learning_rate': 0.005, 'nn_model__nodes_per_layer': (10, 5), 'nn_model__optimizer': 'adam'}",-98.61024586863289,-99.99337730407714,-99.30181158635502,0.6915657177221277,37,-35.10689402734132,-37.455501556396484,-36.281197791868905,1.1743037645275827,18
38.0997177362442,0.053438782691955566,4.845674753189087,0.13157081604003906,256,0.1,100,22,0.005,"(10, 10, 5)",adam,"{'nn_model__batch_size': 256, 'nn_model__dropout': 0.1, 'nn_model__epochs': 100, 'nn_model__input_dim': 22, 'nn_model__learning_rate': 0.005, 'nn_model__nodes_per_layer': (10, 10, 5), 'nn_model__optimizer': 'adam'}",-99.99746461120617,-98.30483322143554,-99.15114891632086,0.8463156948853126,28,-86.70591922267842,-39.369327545166016,-63.03762338392222,23.6682958387562,107
33.49680292606354,0.0012842416763305664,4.7735915184021,0.03234267234802246,256,0.1,100,22,0.01,"(10, 5)",adam,"{'nn_model__batch_size': 256, 'nn_model__dropout': 0.1, 'nn_model__epochs': 100, 'nn_model__input_dim': 22, 'nn_model__learning_rate': 0.01, 'nn_model__nodes_per_layer': (10, 5), 'nn_model__optimizer': 'adam'}",-200.26160502863758,-295.7961572265622,-248.02888112759987,47.7672760989623,138,-58.701771497970576,-50.70057678222656,-54.70117414009857,4.000597357872007,97
38.37258994579315,0.8962606191635132,4.722401022911072,0.06820738315582275,256,0.1,100,22,0.01,"(10, 10, 5)",adam,"{'nn_model__batch_size': 256, 'nn_model__dropout': 0.1, 'nn_model__epochs': 100, 'nn_model__input_dim': 22, 'nn_model__learning_rate': 0.01, 'nn_model__nodes_per_layer': (10, 10, 5), 'nn_model__optimizer': 'adam'}",-372.5579302958607,-98.42724563598632,-235.4925879659235,137.06534232993718,136,-100.9764759919366,-36.865997314453125,-68.92123665319485,32.055239338741735,113
66.52335000038147,0.00450897216796875,4.784557938575745,0.08069050312042236,256,0.1,200,22,0.001,"(10, 5)",adam,"{'nn_model__batch_size': 256, 'nn_model__dropout': 0.1, 'nn_model__epochs': 200, 'nn_model__input_dim': 22, 'nn_model__learning_rate': 0.001, 'nn_model__nodes_per_layer': (10, 5), 'nn_model__optimizer': 'adam'}",-100.56836993413384,-99.61869300842285,-100.09353147127834,0.47483846285549447,54,-37.70708932420511,-34.90037155151367,-36.303730437859386,1.4033588863457176,19
75.24476742744446,0.28595542907714844,5.062380790710449,0.036261796951293945,256,0.1,200,22,0.001,"(10, 10, 5)",adam,"{'nn_model__batch_size': 256, 'nn_model__dropout': 0.1, 'nn_model__epochs': 200, 'nn_model__input_dim': 22, 'nn_model__learning_rate': 0.001, 'nn_model__nodes_per_layer': (10, 10, 5), 'nn_model__optimizer': 'adam'}",-98.01618715930255,-118.66520332336417,-108.34069524133335,10.32450808203081,73,-36.47490414011805,-36.32653045654297,-36.400717298330505,0.0741868417875402,20
66.32464170455933,0.14001822471618652,4.6736814975738525,0.06543207168579102,256,0.1,200,22,0.005,"(10, 5)",adam,"{'nn_model__batch_size': 256, 'nn_model__dropout': 0.1, 'nn_model__epochs': 200, 'nn_model__input_dim': 22, 'nn_model__learning_rate': 0.005, 'nn_model__nodes_per_layer': (10, 5), 'nn_model__optimizer': 'adam'}",-97.51553808149205,-99.7526798248291,-98.63410895316058,1.118570871668524,16,-32.58544275694319,-38.356563568115234,-35.471003162529215,2.8855604055860233,10
75.23503577709198,1.4372881650924683,4.812035441398621,0.05318295955657959,256,0.1,200,22,0.005,"(10, 10, 5)",adam,"{'nn_model__batch_size': 256, 'nn_model__dropout': 0.1, 'nn_model__epochs': 200, 'nn_model__input_dim': 22, 'nn_model__learning_rate': 0.005, 'nn_model__nodes_per_layer': (10, 10, 5), 'nn_model__optimizer': 'adam'}",-98.24733343801957,-98.04889595031739,-98.14811469416847,0.09921874385108964,11,-38.70861704021371,-36.57768249511719,-37.64314976766545,1.0654672725482612,28
66.35814845561981,0.2938917875289917,4.916449069976807,0.022984743118286133,256,0.1,200,22,0.01,"(10, 5)",adam,"{'nn_model__batch_size': 256, 'nn_model__dropout': 0.1, 'nn_model__epochs': 200, 'nn_model__input_dim': 22, 'nn_model__learning_rate': 0.01, 'nn_model__nodes_per_layer': (10, 5), 'nn_model__optimizer': 'adam'}",-98.03468200286108,-117.22435020446741,-107.62951610366424,9.594834100803169,71,-34.249115419629895,-37.41279602050781,-35.83095572006886,1.5818403004389587,13
75.42334032058716,0.9416530132293701,4.795523524284363,0.08915460109710693,256,0.1,200,22,0.01,"(10, 10, 5)",adam,"{'nn_model__batch_size': 256, 'nn_model__dropout': 0.1, 'nn_model__epochs': 200, 'nn_model__input_dim': 22, 'nn_model__learning_rate': 0.01, 'nn_model__nodes_per_layer': (10, 10, 5), 'nn_model__optimizer': 'adam'}",-133.75972332852257,-99.99911499023438,-116.87941915937847,16.880304169144097,87,-103.79434748637806,-94.68489074707031,-99.23961911672419,4.554728369653873,139
102.12254333496094,2.486304759979248,4.68165910243988,0.044225096702575684,256,0.1,300,22,0.001,"(10, 5)",adam,"{'nn_model__batch_size': 256, 'nn_model__dropout': 0.1, 'nn_model__epochs': 300, 'nn_model__input_dim': 22, 'nn_model__learning_rate': 0.001, 'nn_model__nodes_per_layer': (10, 5), 'nn_model__optimizer': 'adam'}",-99.57159598172186,-102.16413703918454,-100.8678665104532,1.2962705287313412,58,-35.97793730895527,-36.565643310546875,-36.27179030975107,0.2938530007958029,17
112.54914009571075,0.03648984432220459,4.867571711540222,0.007108092308044434,256,0.1,300,22,0.001,"(10, 10, 5)",adam,"{'nn_model__batch_size': 256, 'nn_model__dropout': 0.1, 'nn_model__epochs': 300, 'nn_model__input_dim': 22, 'nn_model__learning_rate': 0.001, 'nn_model__nodes_per_layer': (10, 10, 5), 'nn_model__optimizer': 'adam'}",-97.1475428025816,-98.55055442810058,-97.84904861534109,0.7015058127594926,7,-30.976789327150183,-40.86478042602539,-35.92078487658779,4.943995549437604,14
100.41657412052155,0.10798656940460205,4.846318364143372,0.08579576015472412,256,0.1,300,22,0.005,"(10, 5)",adam,"{'nn_model__batch_size': 256, 'nn_model__dropout': 0.1, 'nn_model__epochs': 300, 'nn_model__input_dim': 22, 'nn_model__learning_rate': 0.005, 'nn_model__nodes_per_layer': (10, 5), 'nn_model__optimizer': 'adam'}",-130.02301492204063,-97.61060882568358,-113.81681187386211,16.206203048178523,82,-39.17966068624439,-35.741573333740234,-37.46061700999231,1.7190436762520775,25
114.03665161132812,1.0169169902801514,5.390801787376404,0.5328687429428101,256,0.1,300,22,0.005,"(10, 10, 5)",adam,"{'nn_model__batch_size': 256, 'nn_model__dropout': 0.1, 'nn_model__epochs': 300, 'nn_model__input_dim': 22, 'nn_model__learning_rate': 0.005, 'nn_model__nodes_per_layer': (10, 10, 5), 'nn_model__optimizer': 'adam'}",-99.9975741638035,-124.56940841674799,-112.28349129027575,12.285917126472242,81,-87.021887657429,-87.4161605834961,-87.21902412046255,0.19713646303354437,123
100.74157297611237,0.37219274044036865,4.785565137863159,0.01145792007446289,256,0.1,300,22,0.01,"(10, 5)",adam,"{'nn_model__batch_size': 256, 'nn_model__dropout': 0.1, 'nn_model__epochs': 300, 'nn_model__input_dim': 22, 'nn_model__learning_rate': 0.01, 'nn_model__nodes_per_layer': (10, 5), 'nn_model__optimizer': 'adam'}",-99.2307953452588,-99.74472541809081,-99.4877603816748,0.25696503641600543,41,-34.213483865598114,-38.004451751708984,-36.108967808653546,1.895483943055435,15
113.842280626297,1.4334170818328857,5.291664242744446,0.4463404417037964,256,0.1,300,22,0.01,"(10, 10, 5)",adam,"{'nn_model__batch_size': 256, 'nn_model__dropout': 0.1, 'nn_model__epochs': 300, 'nn_model__input_dim': 22, 'nn_model__learning_rate': 0.01, 'nn_model__nodes_per_layer': (10, 10, 5), 'nn_model__optimizer': 'adam'}",-99.99818175185045,-191.60970046997062,-145.80394111091053,45.80575935906008,106,-89.546512569732,-89.84359741210938,-89.69505499092068,0.14854242118868655,130
34.73068130016327,0.13421571254730225,4.84078586101532,0.008737444877624512,256,0.2,100,22,0.001,"(10, 5)",adam,"{'nn_model__batch_size': 256, 'nn_model__dropout': 0.2, 'nn_model__epochs': 100, 'nn_model__input_dim': 22, 'nn_model__learning_rate': 0.001, 'nn_model__nodes_per_layer': (10, 5), 'nn_model__optimizer': 'adam'}",-98.55280878235591,-97.83309593200681,-98.19295235718135,0.35985642517454863,13,-43.814288355088195,-42.373653411865234,-43.093970883476715,0.7203174716114802,63
39.03740477561951,0.35372138023376465,5.087308645248413,0.0817270278930664,256,0.2,100,22,0.001,"(10, 10, 5)",adam,"{'nn_model__batch_size': 256, 'nn_model__dropout': 0.2, 'nn_model__epochs': 100, 'nn_model__input_dim': 22, 'nn_model__learning_rate': 0.001, 'nn_model__nodes_per_layer': (10, 10, 5), 'nn_model__optimizer': 'adam'}",-99.85525665255142,-99.99480438232422,-99.92503051743782,0.06977386488640036,49,-48.639393548946614,-81.1834716796875,-64.91143261431705,16.272039065370443,109
34.15405607223511,0.34740614891052246,4.777538776397705,0.12711429595947266,256,0.2,100,22,0.005,"(10, 5)",adam,"{'nn_model__batch_size': 256, 'nn_model__dropout': 0.2, 'nn_model__epochs': 100, 'nn_model__input_dim': 22, 'nn_model__learning_rate': 0.005, 'nn_model__nodes_per_layer': (10, 5), 'nn_model__optimizer': 'adam'}",-98.8712631454857,-99.31088058471678,-99.09107186510124,0.2198087196155427,27,-39.1466926824425,-38.76811599731445,-38.95740433987848,0.18928834256402283,37
38.95946538448334,0.5224462747573853,4.7937376499176025,0.04799199104309082,256,0.2,100,22,0.005,"(10, 10, 5)",adam,"{'nn_model__batch_size': 256, 'nn_model__dropout': 0.2, 'nn_model__epochs': 100, 'nn_model__input_dim': 22, 'nn_model__learning_rate': 0.005, 'nn_model__nodes_per_layer': (10, 10, 5), 'nn_model__optimizer': 'adam'}",-155.6906518045041,-156.29652923583905,-155.99359052017158,0.3029387156674659,113,-50.14963209881857,-51.1272087097168,-50.638420404267684,0.48878830544911267,91
34.74796950817108,0.10477292537689209,4.8606789112091064,0.20838189125061035,256,0.2,100,22,0.01,"(10, 5)",adam,"{'nn_model__batch_size': 256, 'nn_model__dropout': 0.2, 'nn_model__epochs': 100, 'nn_model__input_dim': 22, 'nn_model__learning_rate': 0.01, 'nn_model__nodes_per_layer': (10, 5), 'nn_model__optimizer': 'adam'}",-195.57531462983118,-263.81868804931634,-229.69700133957377,34.121686709742576,135,-47.60949884610427,-93.81419372558594,-70.7118462858451,23.102347439740832,116
39.32370960712433,0.502132773399353,4.705377101898193,0.12963175773620605,256,0.2,100,22,0.01,"(10, 10, 5)",adam,"{'nn_model__batch_size': 256, 'nn_model__dropout': 0.2, 'nn_model__epochs': 100, 'nn_model__input_dim': 22, 'nn_model__learning_rate': 0.01, 'nn_model__nodes_per_layer': (10, 10, 5), 'nn_model__optimizer': 'adam'}",-103.17181796146983,-158.4659757995605,-130.81889688051518,27.64707891904534,96,-86.78214766507853,-88.47521209716797,-87.62867988112325,0.8465322160447215,125
67.50919568538666,0.6050266027450562,4.854695081710815,0.011653900146484375,256,0.2,200,22,0.001,"(10, 5)",adam,"{'nn_model__batch_size': 256, 'nn_model__dropout': 0.2, 'nn_model__epochs': 200, 'nn_model__input_dim': 22, 'nn_model__learning_rate': 0.001, 'nn_model__nodes_per_layer': (10, 5), 'nn_model__optimizer': 'adam'}",-99.62645674600509,-98.79806083679199,-99.21225879139854,0.41419795460654996,33,-38.721915786151605,-41.49937438964844,-40.110645087900025,1.3887293017484161,46
75.48807668685913,0.3668971061706543,5.301067352294922,0.45084238052368164,256,0.2,200,22,0.001,"(10, 10, 5)",adam,"{'nn_model__batch_size': 256, 'nn_model__dropout': 0.2, 'nn_model__epochs': 200, 'nn_model__input_dim': 22, 'nn_model__learning_rate': 0.001, 'nn_model__nodes_per_layer': (10, 10, 5), 'nn_model__optimizer': 'adam'}",-103.44979883540498,-99.79044494628906,-101.62012189084702,1.82967694455796,60,-39.14429580628571,-46.9243278503418,-43.034311828313754,3.8900160220280426,62
67.35997569561005,0.44058120250701904,4.814751982688904,0.0856558084487915,256,0.2,200,22,0.005,"(10, 5)",adam,"{'nn_model__batch_size': 256, 'nn_model__dropout': 0.2, 'nn_model__epochs': 200, 'nn_model__input_dim': 22, 'nn_model__learning_rate': 0.005, 'nn_model__nodes_per_layer': (10, 5), 'nn_model__optimizer': 'adam'}",-99.08890665286538,-99.44406539916992,-99.26648602601765,0.17757937315226968,35,-43.38439301660885,-42.58173370361328,-42.98306336011106,0.40132965649778285,61
76.8352278470993,1.045725703239441,4.778818726539612,0.05328571796417236,256,0.2,200,22,0.005,"(10, 10, 5)",adam,"{'nn_model__batch_size': 256, 'nn_model__dropout': 0.2, 'nn_model__epochs': 200, 'nn_model__input_dim': 22, 'nn_model__learning_rate': 0.005, 'nn_model__nodes_per_layer': (10, 10, 5), 'nn_model__optimizer': 'adam'}",-98.66015306953534,-251.4217864990233,-175.04096978427933,76.38081671474399,121,-42.93603227248301,-61.598751068115234,-52.26739167029912,9.331359397816112,95
67.66458415985107,0.4361438751220703,4.754248857498169,0.058634281158447266,256,0.2,200,22,0.01,"(10, 5)",adam,"{'nn_model__batch_size': 256, 'nn_model__dropout': 0.2, 'nn_model__epochs': 200, 'nn_model__input_dim': 22, 'nn_model__learning_rate': 0.01, 'nn_model__nodes_per_layer': (10, 5), 'nn_model__optimizer': 'adam'}",-99.45923625602022,-104.17854934692352,-101.81889280147186,2.3596565454516494,62,-39.69512673549712,-36.282466888427734,-37.98879681196243,1.7063299235346925,34
75.16614520549774,0.7077726125717163,4.736679196357727,0.0536731481552124,256,0.2,200,22,0.01,"(10, 10, 5)",adam,"{'nn_model__batch_size': 256, 'nn_model__dropout': 0.2, 'nn_model__epochs': 200, 'nn_model__input_dim': 22, 'nn_model__learning_rate': 0.01, 'nn_model__nodes_per_layer': (10, 10, 5), 'nn_model__optimizer': 'adam'}",-285.0237997475879,-99.99909210205078,-192.51144592481933,92.51235382276855,128,-56.76097779589842,-94.59228515625,-75.6766314760742,18.91565368017579,121
101.6125351190567,1.0897289514541626,4.899587035179138,0.19411695003509521,256,0.2,300,22,0.001,"(10, 5)",adam,"{'nn_model__batch_size': 256, 'nn_model__dropout': 0.2, 'nn_model__epochs': 300, 'nn_model__input_dim': 22, 'nn_model__learning_rate': 0.001, 'nn_model__nodes_per_layer': (10, 5), 'nn_model__optimizer': 'adam'}",-98.8468464381061,-99.61535415649413,-99.23110029730012,0.38425385919401833,34,-43.62873400003501,-47.41236114501953,-45.52054757252727,1.8918135724922607,81
113.91279149055481,2.3163626194000244,4.827115297317505,0.028022050857543945,256,0.2,300,22,0.001,"(10, 10, 5)",adam,"{'nn_model__batch_size': 256, 'nn_model__dropout': 0.2, 'nn_model__epochs': 300, 'nn_model__input_dim': 22, 'nn_model__learning_rate': 0.001, 'nn_model__nodes_per_layer': (10, 10, 5), 'nn_model__optimizer': 'adam'}",-98.6083422570259,-97.72604461669923,-98.16719343686256,0.4411488201633347,12,-41.361176468752774,-39.4732780456543,-40.417227257203535,0.9439492115492385,47
102.377556681633,0.8605610132217407,4.846680760383606,0.09325850009918213,256,0.2,300,22,0.005,"(10, 5)",adam,"{'nn_model__batch_size': 256, 'nn_model__dropout': 0.2, 'nn_model__epochs': 300, 'nn_model__input_dim': 22, 'nn_model__learning_rate': 0.005, 'nn_model__nodes_per_layer': (10, 5), 'nn_model__optimizer': 'adam'}",-99.58673696601635,-99.48767288208008,-99.53720492404821,0.04953204196813488,42,-40.290002351162876,-48.0528564453125,-44.17142939823769,3.881427047074812,73
113.20106935501099,0.6605758666992188,4.830590009689331,0.04907345771789551,256,0.2,300,22,0.005,"(10, 10, 5)",adam,"{'nn_model__batch_size': 256, 'nn_model__dropout': 0.2, 'nn_model__epochs': 300, 'nn_model__input_dim': 22, 'nn_model__learning_rate': 0.005, 'nn_model__nodes_per_layer': (10, 10, 5), 'nn_model__optimizer': 'adam'}",-124.79650325503094,-98.09741058349609,-111.44695691926351,13.349546335767428,80,-40.634952029750984,-43.585819244384766,-42.11038563706788,1.4754336073168908,55
102.6280015707016,0.3628276586532593,4.745492219924927,0.0940554141998291,256,0.2,300,22,0.01,"(10, 5)",adam,"{'nn_model__batch_size': 256, 'nn_model__dropout': 0.2, 'nn_model__epochs': 300, 'nn_model__input_dim': 22, 'nn_model__learning_rate': 0.01, 'nn_model__nodes_per_layer': (10, 5), 'nn_model__optimizer': 'adam'}",-184.98474220978073,-99.79127166748047,-142.3880069386306,42.59673527115013,102,-48.732174897087894,-45.20973587036133,-46.970955383724615,1.761219513363283,84
115.77100026607513,1.6193002462387085,5.332584857940674,0.4744229316711426,256,0.2,300,22,0.01,"(10, 10, 5)",adam,"{'nn_model__batch_size': 256, 'nn_model__dropout': 0.2, 'nn_model__epochs': 300, 'nn_model__input_dim': 22, 'nn_model__learning_rate': 0.01, 'nn_model__nodes_per_layer': (10, 10, 5), 'nn_model__optimizer': 'adam'}",-99.99895396123311,-110.84635574340797,-105.42265485232053,5.423700891087428,68,-93.85449937089524,-52.33799743652344,-73.09624840370934,20.7582509671859,119
20.585954666137695,0.08501005172729492,5.332362055778503,0.42623674869537354,512,0.1,100,22,0.001,"(10, 5)",adam,"{'nn_model__batch_size': 512, 'nn_model__dropout': 0.1, 'nn_model__epochs': 100, 'nn_model__input_dim': 22, 'nn_model__learning_rate': 0.001, 'nn_model__nodes_per_layer': (10, 5), 'nn_model__optimizer': 'adam'}",-97.50599534122966,-98.17823135375977,-97.84211334749472,0.3361180062650533,6,-39.146331279356154,-35.87479782104492,-37.51056455020054,1.6357667291556162,27
22.715296030044556,0.0553441047668457,4.682942867279053,0.03846907615661621,512,0.1,100,22,0.001,"(10, 10, 5)",adam,"{'nn_model__batch_size': 512, 'nn_model__dropout': 0.1, 'nn_model__epochs': 100, 'nn_model__input_dim': 22, 'nn_model__learning_rate': 0.001, 'nn_model__nodes_per_layer': (10, 10, 5), 'nn_model__optimizer': 'adam'}",-98.7436940008094,-97.21262985229492,-97.97816192655216,0.7655320742572371,9,-41.1240348297464,-33.323734283447266,-37.22388455659683,3.900150273149567,21
20.320053219795227,0.08898389339447021,5.275513052940369,0.4217780828475952,512,0.1,100,22,0.005,"(10, 5)",adam,"{'nn_model__batch_size': 512, 'nn_model__dropout': 0.1, 'nn_model__epochs': 100, 'nn_model__input_dim': 22, 'nn_model__learning_rate': 0.005, 'nn_model__nodes_per_layer': (10, 5), 'nn_model__optimizer': 'adam'}",-159.14917450196623,-99.69659301757812,-129.42288375977216,29.726290742194053,94,-37.704693761505936,-42.104705810546875,-39.904699786026406,2.2000060245204693,44
23.329456090927124,0.19841885566711426,4.802097201347351,0.05896413326263428,512,0.1,100,22,0.005,"(10, 10, 5)",adam,"{'nn_model__batch_size': 512, 'nn_model__dropout': 0.1, 'nn_model__epochs': 100, 'nn_model__input_dim': 22, 'nn_model__learning_rate': 0.005, 'nn_model__nodes_per_layer': (10, 10, 5), 'nn_model__optimizer': 'adam'}",-99.23097770077065,-109.49177764892568,-104.36137767484817,5.130399974077513,65,-38.15929993874578,-37.3958854675293,-37.77759270313754,0.3817072356082427,30
20.71629810333252,0.05751323699951172,4.888577699661255,0.10724544525146484,512,0.1,100,22,0.01,"(10, 5)",adam,"{'nn_model__batch_size': 512, 'nn_model__dropout': 0.1, 'nn_model__epochs': 100, 'nn_model__input_dim': 22, 'nn_model__learning_rate': 0.01, 'nn_model__nodes_per_layer': (10, 5), 'nn_model__optimizer': 'adam'}",-247.4780857682282,-99.76339088439941,-173.6207383263138,73.85734744191438,119,-50.27616738936575,-48.156070709228516,-49.216119049297134,1.0600483400686187,88
23.156753420829773,0.0848308801651001,4.801916837692261,0.03663349151611328,512,0.1,100,22,0.01,"(10, 10, 5)",adam,"{'nn_model__batch_size': 512, 'nn_model__dropout': 0.1, 'nn_model__epochs': 100, 'nn_model__input_dim': 22, 'nn_model__learning_rate': 0.01, 'nn_model__nodes_per_layer': (10, 10, 5), 'nn_model__optimizer': 'adam'}",-99.99786938197485,-138.83930068969704,-119.41858503583595,19.420715653861095,88,-88.1644310330478,-39.70907974243164,-63.93675538773972,24.227675645308082,108
40.128753900527954,0.15393543243408203,4.769413471221924,0.2074298858642578,512,0.1,200,22,0.001,"(10, 5)",adam,"{'nn_model__batch_size': 512, 'nn_model__dropout': 0.1, 'nn_model__epochs': 200, 'nn_model__input_dim': 22, 'nn_model__learning_rate': 0.001, 'nn_model__nodes_per_layer': (10, 5), 'nn_model__optimizer': 'adam'}",-99.54917777110296,-99.69556518554688,-99.62237147832492,0.07319370722196084,43,-37.61766210749699,-38.05427932739258,-37.83597071744478,0.218308609947794,31
45.83427453041077,0.4814128875732422,4.773941278457642,0.02551412582397461,512,0.1,200,22,0.001,"(10, 10, 5)",adam,"{'nn_model__batch_size': 512, 'nn_model__dropout': 0.1, 'nn_model__epochs': 200, 'nn_model__input_dim': 22, 'nn_model__learning_rate': 0.001, 'nn_model__nodes_per_layer': (10, 10, 5), 'nn_model__optimizer': 'adam'}",-97.83772327515341,-99.82217308044434,-98.82994817779888,0.9922249026454679,19,-33.30584523011485,-42.603580474853516,-37.95471285248418,4.648867622369334,33
40.81313610076904,0.03680849075317383,5.216289043426514,0.5316112041473389,512,0.1,200,22,0.005,"(10, 5)",adam,"{'nn_model__batch_size': 512, 'nn_model__dropout': 0.1, 'nn_model__epochs': 200, 'nn_model__input_dim': 22, 'nn_model__learning_rate': 0.005, 'nn_model__nodes_per_layer': (10, 5), 'nn_model__optimizer': 'adam'}",-99.21770956148426,-117.95752426147459,-108.58761691147942,9.369907349995167,74,-35.39270434765678,-44.320594787597656,-39.856649567627215,4.463945219970437,43
45.895018219947815,0.01837170124053955,4.916009306907654,0.19118988513946533,512,0.1,200,22,0.005,"(10, 10, 5)",adam,"{'nn_model__batch_size': 512, 'nn_model__dropout': 0.1, 'nn_model__epochs': 200, 'nn_model__input_dim': 22, 'nn_model__learning_rate': 0.005, 'nn_model__nodes_per_layer': (10, 10, 5), 'nn_model__optimizer': 'adam'}",-99.99751192626977,-107.45067779541012,-103.72409486083994,3.7265829345701746,64,-86.83095604746293,-35.353736877441406,-61.09234646245217,25.738609585010764,104
41.66659212112427,0.008453130722045898,4.758970379829407,0.019568324089050293,512,0.1,200,22,0.01,"(10, 5)",adam,"{'nn_model__batch_size': 512, 'nn_model__dropout': 0.1, 'nn_model__epochs': 200, 'nn_model__input_dim': 22, 'nn_model__learning_rate': 0.01, 'nn_model__nodes_per_layer': (10, 5), 'nn_model__optimizer': 'adam'}",-237.94135899086626,-105.08718894958491,-171.5142739702256,66.42708502064067,118,-43.7467122957827,-36.08306121826172,-39.91488675702221,3.8318255387604907,45
46.94485414028168,0.7550595998764038,4.73130476474762,0.07863032817840576,512,0.1,200,22,0.01,"(10, 10, 5)",adam,"{'nn_model__batch_size': 512, 'nn_model__dropout': 0.1, 'nn_model__epochs': 200, 'nn_model__input_dim': 22, 'nn_model__learning_rate': 0.01, 'nn_model__nodes_per_layer': (10, 10, 5), 'nn_model__optimizer': 'adam'}",-99.99869361229347,-99.99897766113281,-99.99883563671314,0.00014202441967370305,53,-92.31528011336277,-93.90056610107422,-93.1079231072185,0.792642993855722,134
61.083494901657104,0.24560952186584473,4.920514822006226,0.05478262901306152,512,0.1,300,22,0.001,"(10, 5)",adam,"{'nn_model__batch_size': 512, 'nn_model__dropout': 0.1, 'nn_model__epochs': 300, 'nn_model__input_dim': 22, 'nn_model__learning_rate': 0.001, 'nn_model__nodes_per_layer': (10, 5), 'nn_model__optimizer': 'adam'}",-99.46670811996867,-96.20288864135742,-97.83479838066305,1.6319097393056268,5,-37.23555284366004,-33.06009292602539,-35.14782288484271,2.0877299588173237,9
67.7438713312149,0.6052676439285278,4.752613306045532,0.11041903495788574,512,0.1,300,22,0.001,"(10, 10, 5)",adam,"{'nn_model__batch_size': 512, 'nn_model__dropout': 0.1, 'nn_model__epochs': 300, 'nn_model__input_dim': 22, 'nn_model__learning_rate': 0.001, 'nn_model__nodes_per_layer': (10, 10, 5), 'nn_model__optimizer': 'adam'}",-97.17993964030903,-98.01985946655273,-97.59989955343087,0.41995991312185055,3,-33.784838152518866,-31.580392837524414,-32.682615495021636,1.1022226574972258,1
62.15455114841461,0.9311326742172241,4.8748780488967896,0.2271949052810669,512,0.1,300,22,0.005,"(10, 5)",adam,"{'nn_model__batch_size': 512, 'nn_model__dropout': 0.1, 'nn_model__epochs': 300, 'nn_model__input_dim': 22, 'nn_model__learning_rate': 0.005, 'nn_model__nodes_per_layer': (10, 5), 'nn_model__optimizer': 'adam'}",-98.72417710536199,-98.71753288269042,-98.72085499402621,0.0033221113357839727,18,-31.228084444078902,-35.684600830078125,-33.456342637078514,2.2282581929996113,4
69.22300636768341,1.2501884698867798,4.84478497505188,0.01499795913696289,512,0.1,300,22,0.005,"(10, 10, 5)",adam,"{'nn_model__batch_size': 512, 'nn_model__dropout': 0.1, 'nn_model__epochs': 300, 'nn_model__input_dim': 22, 'nn_model__learning_rate': 0.005, 'nn_model__nodes_per_layer': (10, 10, 5), 'nn_model__optimizer': 'adam'}",-97.34064553555882,-207.70287033081047,-152.52175793318463,55.181112397625824,109,-38.57176600886627,-51.19626998901367,-44.88401799893997,6.312251990073701,79
61.11075162887573,0.031114816665649414,4.829854488372803,0.03965044021606445,512,0.1,300,22,0.01,"(10, 5)",adam,"{'nn_model__batch_size': 512, 'nn_model__dropout': 0.1, 'nn_model__epochs': 300, 'nn_model__input_dim': 22, 'nn_model__learning_rate': 0.01, 'nn_model__nodes_per_layer': (10, 5), 'nn_model__optimizer': 'adam'}",-110.16980247403362,-99.47501197814941,-104.82240722609151,5.347395247942103,66,-34.54712050442014,-33.77741241455078,-34.162266459485465,0.3848540449346807,6
69.09778547286987,0.7038795948028564,4.781173467636108,0.03255891799926758,512,0.1,300,22,0.01,"(10, 10, 5)",adam,"{'nn_model__batch_size': 512, 'nn_model__dropout': 0.1, 'nn_model__epochs': 300, 'nn_model__input_dim': 22, 'nn_model__learning_rate': 0.01, 'nn_model__nodes_per_layer': (10, 10, 5), 'nn_model__optimizer': 'adam'}",-99.99972283372395,-179.0767343139643,-139.53822857384412,39.53850574012017,99,-98.36025935459405,-46.6829833984375,-72.52162137651578,25.838637978078275,118
21.56937885284424,0.11293673515319824,4.8645830154418945,0.1217355728149414,512,0.2,100,22,0.001,"(10, 5)",adam,"{'nn_model__batch_size': 512, 'nn_model__dropout': 0.2, 'nn_model__epochs': 100, 'nn_model__input_dim': 22, 'nn_model__learning_rate': 0.001, 'nn_model__nodes_per_layer': (10, 5), 'nn_model__optimizer': 'adam'}",-99.12933031292133,-98.14094581604004,-98.63513806448069,0.49419224844064047,17,-38.15395036528059,-38.93088912963867,-38.54241974745963,0.38846938217903926,36
23.79068100452423,0.2681840658187866,4.8760271072387695,0.24279356002807617,512,0.2,100,22,0.001,"(10, 10, 5)",adam,"{'nn_model__batch_size': 512, 'nn_model__dropout': 0.2, 'nn_model__epochs': 100, 'nn_model__input_dim': 22, 'nn_model__learning_rate': 0.001, 'nn_model__nodes_per_layer': (10, 10, 5), 'nn_model__optimizer': 'adam'}",-133.21913393109085,-99.85541625976563,-116.53727509542824,16.68185883566261,86,-50.531902107886346,-42.980194091796875,-46.75604809984161,3.7758540080447354,83
21.331673741340637,0.3634580373764038,5.216591954231262,0.294106125831604,512,0.2,100,22,0.005,"(10, 5)",adam,"{'nn_model__batch_size': 512, 'nn_model__dropout': 0.2, 'nn_model__epochs': 100, 'nn_model__input_dim': 22, 'nn_model__learning_rate': 0.005, 'nn_model__nodes_per_layer': (10, 5), 'nn_model__optimizer': 'adam'}",-143.98132384366562,-195.03125549316405,-169.50628966841484,25.524965824749216,116,-43.09691261206893,-44.631317138671875,-43.864114875370404,0.7672022633014741,70
24.04096496105194,0.1037667989730835,4.815801739692688,0.03461015224456787,512,0.2,100,22,0.005,"(10, 10, 5)",adam,"{'nn_model__batch_size': 512, 'nn_model__dropout': 0.2, 'nn_model__epochs': 100, 'nn_model__input_dim': 22, 'nn_model__learning_rate': 0.005, 'nn_model__nodes_per_layer': (10, 10, 5), 'nn_model__optimizer': 'adam'}",-98.33300967761014,-105.20096199035635,-101.76698583398324,3.433976156373106,61,-44.68202207719374,-43.525630950927734,-44.10382651406074,0.5781955631330042,72
21.392449617385864,0.09314370155334473,4.910633683204651,0.06951868534088135,512,0.2,100,22,0.01,"(10, 5)",adam,"{'nn_model__batch_size': 512, 'nn_model__dropout': 0.2, 'nn_model__epochs': 100, 'nn_model__input_dim': 22, 'nn_model__learning_rate': 0.01, 'nn_model__nodes_per_layer': (10, 5), 'nn_model__optimizer': 'adam'}",-99.66611514053824,-268.1806893920896,-183.92340226631393,84.25728712577569,124,-53.68100455026722,-54.7346305847168,-54.20781756749201,0.5268130172247893,96
24.39476788043976,0.1477280855178833,4.754671692848206,0.12709558010101318,512,0.2,100,22,0.01,"(10, 10, 5)",adam,"{'nn_model__batch_size': 512, 'nn_model__dropout': 0.2, 'nn_model__epochs': 100, 'nn_model__input_dim': 22, 'nn_model__learning_rate': 0.01, 'nn_model__nodes_per_layer': (10, 10, 5), 'nn_model__optimizer': 'adam'}",-118.74097312989622,-99.99791717529297,-109.3694451525946,9.371527977301625,75,-87.12541452673382,-86.666748046875,-86.89608128680442,0.22933323992941013,122
41.67579889297485,0.22154927253723145,5.504630446434021,0.44793593883514404,512,0.2,200,22,0.001,"(10, 5)",adam,"{'nn_model__batch_size': 512, 'nn_model__dropout': 0.2, 'nn_model__epochs': 200, 'nn_model__input_dim': 22, 'nn_model__learning_rate': 0.001, 'nn_model__nodes_per_layer': (10, 5), 'nn_model__optimizer': 'adam'}",-99.74737676395935,-120.14614624023434,-109.94676150209685,10.199384738137496,77,-37.75737335950501,-48.687503814697266,-43.22243858710114,5.465065227596128,65
45.94676661491394,0.06610608100891113,5.254822492599487,0.4834291934967041,512,0.2,200,22,0.001,"(10, 10, 5)",adam,"{'nn_model__batch_size': 512, 'nn_model__dropout': 0.2, 'nn_model__epochs': 200, 'nn_model__input_dim': 22, 'nn_model__learning_rate': 0.001, 'nn_model__nodes_per_layer': (10, 10, 5), 'nn_model__optimizer': 'adam'}",-99.66700468498027,-98.19807975769044,-98.93254222133535,0.7344624636449169,23,-41.83690494080688,-37.60163497924805,-39.71926996002746,2.1176349807794175,41
40.816131591796875,0.29584741592407227,4.836416244506836,0.027078866958618164,512,0.2,200,22,0.005,"(10, 5)",adam,"{'nn_model__batch_size': 512, 'nn_model__dropout': 0.2, 'nn_model__epochs': 200, 'nn_model__input_dim': 22, 'nn_model__learning_rate': 0.005, 'nn_model__nodes_per_layer': (10, 5), 'nn_model__optimizer': 'adam'}",-111.58783476072264,-99.28816268920897,-105.43799872496581,6.1498360357568345,69,-39.19061784973432,-40.38947677612305,-39.790047312928685,0.5994294631943617,42
45.79334223270416,0.3625370264053345,4.896622180938721,0.012857913970947266,512,0.2,200,22,0.005,"(10, 10, 5)",adam,"{'nn_model__batch_size': 512, 'nn_model__dropout': 0.2, 'nn_model__epochs': 200, 'nn_model__input_dim': 22, 'nn_model__learning_rate': 0.005, 'nn_model__nodes_per_layer': (10, 10, 5), 'nn_model__optimizer': 'adam'}",-187.05694286096957,-97.67626571655273,-142.36660428876115,44.69033857220842,101,-50.698763848858945,-44.347042083740234,-47.52290296629959,3.1758608825593555,85
40.845335483551025,0.38136768341064453,4.790158748626709,0.1511373519897461,512,0.2,200,22,0.01,"(10, 5)",adam,"{'nn_model__batch_size': 512, 'nn_model__dropout': 0.2, 'nn_model__epochs': 200, 'nn_model__input_dim': 22, 'nn_model__learning_rate': 0.01, 'nn_model__nodes_per_layer': (10, 5), 'nn_model__optimizer': 'adam'}",-99.81206128510892,-99.67631980895996,-99.74419054703444,0.06787073807448252,47,-46.50634211292926,-44.751434326171875,-45.62888821955057,0.8774538933786928,82
45.7746946811676,0.08968853950500488,4.679469704627991,0.10040509700775146,512,0.2,200,22,0.01,"(10, 10, 5)",adam,"{'nn_model__batch_size': 512, 'nn_model__dropout': 0.2, 'nn_model__epochs': 200, 'nn_model__input_dim': 22, 'nn_model__learning_rate': 0.01, 'nn_model__nodes_per_layer': (10, 10, 5), 'nn_model__optimizer': 'adam'}",-99.9981949174111,-299.91475585937496,-199.95647538839302,99.95828047098192,130,-89.60933703682785,-122.70557403564453,-106.1574555362362,16.54811849940834,142
57.57920467853546,0.15820562839508057,4.612729430198669,0.047381043434143066,512,0.2,300,22,0.001,"(10, 5)",adam,"{'nn_model__batch_size': 512, 'nn_model__dropout': 0.2, 'nn_model__epochs': 300, 'nn_model__input_dim': 22, 'nn_model__learning_rate': 0.001, 'nn_model__nodes_per_layer': (10, 5), 'nn_model__optimizer': 'adam'}",-98.85472163254744,-99.7170206451416,-99.28587113884453,0.43114950629708204,36,-42.30478600701451,-46.32666778564453,-44.31572689632952,2.010940889315009,76
61.482959628105164,0.003148198127746582,4.564386487007141,0.18838083744049072,512,0.2,300,22,0.001,"(10, 10, 5)",adam,"{'nn_model__batch_size': 512, 'nn_model__dropout': 0.2, 'nn_model__epochs': 300, 'nn_model__input_dim': 22, 'nn_model__learning_rate': 0.001, 'nn_model__nodes_per_layer': (10, 10, 5), 'nn_model__optimizer': 'adam'}",-98.34459198758293,-97.37955421447754,-97.86207310103023,0.4825188865526968,8,-37.90007080947791,-43.000083923339844,-40.45007736640888,2.550006556930967,48
49.717617869377136,0.5462323427200317,5.071367979049683,0.5001423358917236,512,0.2,300,22,0.005,"(10, 5)",adam,"{'nn_model__batch_size': 512, 'nn_model__dropout': 0.2, 'nn_model__epochs': 300, 'nn_model__input_dim': 22, 'nn_model__learning_rate': 0.005, 'nn_model__nodes_per_layer': (10, 5), 'nn_model__optimizer': 'adam'}",-143.3898430763424,-98.29109169006348,-120.84046738320293,22.54937569313946,90,-42.20652963788634,-43.233726501464844,-42.720128069675596,0.5135984317892515,59
53.0323771238327,0.6764718294143677,4.5934929847717285,0.04667544364929199,512,0.2,300,22,0.005,"(10, 10, 5)",adam,"{'nn_model__batch_size': 512, 'nn_model__dropout': 0.2, 'nn_model__epochs': 300, 'nn_model__input_dim': 22, 'nn_model__learning_rate': 0.005, 'nn_model__nodes_per_layer': (10, 10, 5), 'nn_model__optimizer': 'adam'}",-131.22102444023776,-179.34097290039057,-155.28099867031415,24.059974230076406,111,-87.46009769787585,-89.29314422607422,-88.37662096197504,0.9165232640991832,127
46.69180917739868,0.445676326751709,4.419956684112549,0.029134750366210938,512,0.2,300,22,0.01,"(10, 5)",adam,"{'nn_model__batch_size': 512, 'nn_model__dropout': 0.2, 'nn_model__epochs': 300, 'nn_model__input_dim': 22, 'nn_model__learning_rate': 0.01, 'nn_model__nodes_per_layer': (10, 5), 'nn_model__optimizer': 'adam'}",-99.3536828432633,-99.60695442199707,-99.48031863263019,0.1266357893668868,40,-49.41416364114771,-48.0599250793457,-48.737044360246706,0.6771192809010032,87
48.666982650756836,0.1484696865081787,4.153080940246582,0.10952043533325195,512,0.2,300,22,0.01,"(10, 10, 5)",adam,"{'nn_model__batch_size': 512, 'nn_model__dropout': 0.2, 'nn_model__epochs': 300, 'nn_model__input_dim': 22, 'nn_model__learning_rate': 0.01, 'nn_model__nodes_per_layer': (10, 10, 5), 'nn_model__optimizer': 'adam'}",-763.3480678046451,-107.66523757934556,-435.5066526919953,327.84141511264977,144,-134.1256223848112,-45.876312255859375,-90.00096732033529,44.12465506447592,131
